Wind Load Type,Glass Type,Glass sub-type 1,Nominal Thickness (mm),Support Condition,AR,k1,k2,k3,k4
ULS,Monolithic,Annealed,3,4-edge,1,1558.4,0.25,-0.6124,4.2
ULS,Monolithic,Annealed,3,4-edge,1.25,1373.2,0.2,-0.6071,-1.4
ULS,Monolithic,Annealed,3,4-edge,1.5,1313.4,0.2,-0.6423,-22.68
ULS,Monolithic,Annealed,3,4-edge,1.75,1343.4,0.3,-0.7112,-12.6
ULS,Monolithic,Annealed,3,4-edge,2,1381.9,0.4,-0.7642,-11.2
ULS,Monolithic,Annealed,3,4-edge,2.5,1184.5,0.3,-0.7255,2.8
ULS,Monolithic,Annealed,3,4-edge,3,667.6,-0.3,-0.4881,-8.4
ULS,Monolithic,Annealed,3,4-edge,5,655.7,0,-0.5,0
ULS,Monolithic,Annealed,3,2-edge,Independent,585.6,0,-0.5,0
ULS,Monolithic,Annealed,4,4-edge,1,2050.7,0.237712,-0.6124,5.7
ULS,Monolithic,Annealed,4,4-edge,1.25,1807.5,0.19017,-0.6071,-1.9
ULS,Monolithic,Annealed,4,4-edge,1.5,1725.7,0.19017,-0.6423,-30.78
ULS,Monolithic,Annealed,4,4-edge,1.75,1758.9,0.285254,-0.7112,-17.1
ULS,Monolithic,Annealed,4,4-edge,2,1804.6,0.380339,-0.7642,-15.2
ULS,Monolithic,Annealed,4,4-edge,2.5,1549.8,0.285254,-0.7255,3.8
ULS,Monolithic,Annealed,4,4-edge,3,884,-0.28525,-0.4881,-11.4
ULS,Monolithic,Annealed,4,4-edge,5,867.8,0,-0.5,0
ULS,Monolithic,Annealed,4,2-edge,Independent,774.9,0,-0.5,0
ULS,Monolithic,Annealed,5,4-edge,1,2527.1,0.228312,-0.6124,7.2
ULS,Monolithic,Annealed,5,4-edge,1.25,2227.9,0.182649,-0.6071,-2.4
ULS,Monolithic,Annealed,5,4-edge,1.5,2124.1,0.182649,-0.6423,-38.88
ULS,Monolithic,Annealed,5,4-edge,1.75,2159,0.273974,-0.7112,-21.6
ULS,Monolithic,Annealed,5,4-edge,2,2210.3,0.365299,-0.7642,-19.2
ULS,Monolithic,Annealed,5,4-edge,2.5,1901.2,0.273974,-0.7255,4.8
ULS,Monolithic,Annealed,5,4-edge,3,1094.8,-0.27397,-0.4881,-14.4
ULS,Monolithic,Annealed,5,4-edge,5,1074.2,0,-0.5,0
ULS,Monolithic,Annealed,5,2-edge,Independent,959.3,0,-0.5,0
ULS,Monolithic,Annealed,6,4-edge,1,2990.8,0.220697,-0.6124,8.7
ULS,Monolithic,Annealed,6,4-edge,1.25,2637.2,0.176558,-0.6071,-2.9
ULS,Monolithic,Annealed,6,4-edge,1.5,2511.3,0.176558,-0.6423,-46.98
ULS,Monolithic,Annealed,6,4-edge,1.75,2546.6,0.264836,-0.7112,-26.1
ULS,Monolithic,Annealed,6,4-edge,2,2602.4,0.353115,-0.7642,-23.2
ULS,Monolithic,Annealed,6,4-edge,2.5,2241.4,0.264836,-0.7255,5.8
ULS,Monolithic,Annealed,6,4-edge,3,1301.2,-0.26484,-0.4881,-17.4
ULS,Monolithic,Annealed,6,4-edge,5,1276.2,0,-0.5,0
ULS,Monolithic,Annealed,6,2-edge,Independent,1139.7,0,-0.5,0
ULS,Monolithic,Annealed,8,4-edge,1,3843.7,0.209295,-0.6124,11.55
ULS,Monolithic,Annealed,8,4-edge,1.25,3390.2,0.167436,-0.6071,-3.85
ULS,Monolithic,Annealed,8,4-edge,1.5,3222.3,0.167436,-0.6423,-62.37
ULS,Monolithic,Annealed,8,4-edge,1.75,3255.6,0.251154,-0.7112,-34.65
ULS,Monolithic,Annealed,8,4-edge,2,3317.7,0.334872,-0.7642,-30.8
ULS,Monolithic,Annealed,8,4-edge,2.5,2863.4,0.251154,-0.7255,7.7
ULS,Monolithic,Annealed,8,4-edge,3,1683.3,-0.25115,-0.4881,-23.1
ULS,Monolithic,Annealed,8,4-edge,5,1649.9,0,-0.5,0
ULS,Monolithic,Annealed,8,2-edge,Independent,1473.4,0,-0.5,0
ULS,Monolithic,Annealed,10,4-edge,1,4709.2,0.200004,-0.6124,14.55
ULS,Monolithic,Annealed,10,4-edge,1.25,4154.6,0.160003,-0.6071,-4.85
ULS,Monolithic,Annealed,10,4-edge,1.5,3942.6,0.160003,-0.6423,-78.57
ULS,Monolithic,Annealed,10,4-edge,1.75,3970.9,0.240005,-0.7112,-43.65
ULS,Monolithic,Annealed,10,4-edge,2,4036.8,0.320006,-0.7642,-38.8
ULS,Monolithic,Annealed,10,4-edge,2.5,3490.2,0.240005,-0.7255,9.7
ULS,Monolithic,Annealed,10,4-edge,3,2074,-0.24,-0.4881,-29.1
ULS,Monolithic,Annealed,10,4-edge,5,2031.8,0,-0.5,0
ULS,Monolithic,Annealed,10,2-edge,Independent,1814.4,0,-0.5,0
ULS,Monolithic,Annealed,12,4-edge,1,5548,0.192461,-0.6124,17.55
ULS,Monolithic,Annealed,12,4-edge,1.25,4895.6,0.153969,-0.6071,-5.85
ULS,Monolithic,Annealed,12,4-edge,1.5,4639.5,0.153969,-0.6423,-94.77
ULS,Monolithic,Annealed,12,4-edge,1.75,4660.5,0.230953,-0.7112,-52.65
ULS,Monolithic,Annealed,12,4-edge,2,4728.2,0.307937,-0.7642,-46.8
ULS,Monolithic,Annealed,12,4-edge,2.5,4094,0.230953,-0.7255,11.7
ULS,Monolithic,Annealed,12,4-edge,3,2455.2,-0.23095,-0.4881,-35.1
ULS,Monolithic,Annealed,12,4-edge,5,2404.1,0,-0.5,0
ULS,Monolithic,Annealed,12,2-edge,Independent,2146.9,0,-0.5,0
ULS,Monolithic,Annealed,15,4-edge,1,6685.2,0.183827,-0.6124,21.75
ULS,Monolithic,Annealed,15,4-edge,1.25,5900.5,0.147062,-0.6071,-7.25
ULS,Monolithic,Annealed,15,4-edge,1.5,5582.8,0.147062,-0.6423,-117.45
ULS,Monolithic,Annealed,15,4-edge,1.75,5590.3,0.220593,-0.7112,-65.25
ULS,Monolithic,Annealed,15,4-edge,2,5657.8,0.294124,-0.7642,-58
ULS,Monolithic,Annealed,15,4-edge,2.5,4907.6,0.220593,-0.7255,14.5
ULS,Monolithic,Annealed,15,4-edge,3,2975.3,-0.22059,-0.4881,-43.5
ULS,Monolithic,Annealed,15,4-edge,5,2911.9,0,-0.5,0
ULS,Monolithic,Annealed,15,2-edge,Independent,2600.3,0,-0.5,0
ULS,Monolithic,Annealed,19,4-edge,1,8056.1,0.175127,-0.6124,27
ULS,Monolithic,Annealed,19,4-edge,1.25,7112.3,0.140102,-0.6071,-9
ULS,Monolithic,Annealed,19,4-edge,1.5,6717.8,0.140102,-0.6423,-145.8
ULS,Monolithic,Annealed,19,4-edge,1.75,6704.5,0.210152,-0.7112,-81
ULS,Monolithic,Annealed,19,4-edge,2,6768,0.280203,-0.7642,-72
ULS,Monolithic,Annealed,19,4-edge,2.5,5881.7,0.210152,-0.7255,18
ULS,Monolithic,Annealed,19,4-edge,3,3607.1,-0.21015,-0.4881,-54
ULS,Monolithic,Annealed,19,4-edge,5,3528.2,0,-0.5,0
ULS,Monolithic,Annealed,19,2-edge,Independent,3150.6,0,-0.5,0
ULS,Monolithic,Annealed,25,4-edge,1,10118.2,0.164398,-0.6124,35.25
ULS,Monolithic,Annealed,25,4-edge,1.25,8935.8,0.131519,-0.6071,-11.75
ULS,Monolithic,Annealed,25,4-edge,1.5,8421.5,0.131519,-0.6423,-190.35
ULS,Monolithic,Annealed,25,4-edge,1.75,8368.2,0.197278,-0.7112,-105.75
ULS,Monolithic,Annealed,25,4-edge,2,8419.2,0.263037,-0.7642,-94
ULS,Monolithic,Annealed,25,4-edge,2.5,7334.6,0.197278,-0.7255,23.5
ULS,Monolithic,Annealed,25,4-edge,3,4566.2,-0.19728,-0.4881,-70.5
ULS,Monolithic,Annealed,25,4-edge,5,4462.9,0,-0.5,0
ULS,Monolithic,Annealed,25,2-edge,Independent,3985.3,0,-0.5,0
ULS,Monolithic,Toughened,4,4-edge,1,3594.2,0.59428,-0.6124,5.7
ULS,Monolithic,Toughened,4,4-edge,1.25,3152.6,0.475424,-0.6071,-1.9
ULS,Monolithic,Toughened,4,4-edge,1.5,3108.6,0.475424,-0.6423,-30.78
ULS,Monolithic,Toughened,4,4-edge,1.75,3374.9,0.713136,-0.7112,-17.1
ULS,Monolithic,Toughened,4,4-edge,2,3634.8,0.950848,-0.7642,-15.2
ULS,Monolithic,Toughened,4,4-edge,2.5,3012.9,0.713136,-0.7255,3.8
ULS,Monolithic,Toughened,4,4-edge,3,1382.5,-0.1,-0.4881,-11.4
ULS,Monolithic,Toughened,4,4-edge,5,1372.1,0,-0.5,0
ULS,Monolithic,Toughened,4,2-edge,Independent,1225.3,0,-0.5,0
ULS,Monolithic,Toughened,5,4-edge,1,4429.2,0.57078,-0.6124,7.2
ULS,Monolithic,Toughened,5,4-edge,1.25,3885.9,0.456624,-0.6071,-2.4
ULS,Monolithic,Toughened,5,4-edge,1.5,3826.2,0.456624,-0.6423,-38.88
ULS,Monolithic,Toughened,5,4-edge,1.75,4142.5,0.684935,-0.7112,-21.6
ULS,Monolithic,Toughened,5,4-edge,2,4452,0.913247,-0.7642,-19.2
ULS,Monolithic,Toughened,5,4-edge,2.5,3696,0.684935,-0.7255,4.8
ULS,Monolithic,Toughened,5,4-edge,3,1712.3,-0.1,-0.4881,-14.4
ULS,Monolithic,Toughened,5,4-edge,5,1698.5,0,-0.5,0
ULS,Monolithic,Toughened,5,2-edge,Independent,1516.8,0,-0.5,0
ULS,Monolithic,Toughened,6,4-edge,1,5241.9,0.551743,-0.6124,8.7
ULS,Monolithic,Toughened,6,4-edge,1.25,4599.7,0.441394,-0.6071,-2.9
ULS,Monolithic,Toughened,6,4-edge,1.5,4523.7,0.441394,-0.6423,-46.98
ULS,Monolithic,Toughened,6,4-edge,1.75,4886.2,0.662091,-0.7112,-26.1
ULS,Monolithic,Toughened,6,4-edge,2,5241.8,0.882788,-0.7642,-23.2
ULS,Monolithic,Toughened,6,4-edge,2.5,4357.5,0.662091,-0.7255,5.8
ULS,Monolithic,Toughened,6,4-edge,3,2035.1,-0.1,-0.4881,-17.4
ULS,Monolithic,Toughened,6,4-edge,5,2017.9,0,-0.5,0
ULS,Monolithic,Toughened,6,2-edge,Independent,1801.9,0,-0.5,0
ULS,Monolithic,Toughened,8,4-edge,1,6736.6,0.523238,-0.6124,11.55
ULS,Monolithic,Toughened,8,4-edge,1.25,5913,0.41859,-0.6071,-3.85
ULS,Monolithic,Toughened,8,4-edge,1.5,5804.5,0.41859,-0.6423,-62.37
ULS,Monolithic,Toughened,8,4-edge,1.75,6246.7,0.627885,-0.7112,-34.65
ULS,Monolithic,Toughened,8,4-edge,2,6682.5,0.83718,-0.7642,-30.8
ULS,Monolithic,Toughened,8,4-edge,2.5,5566.5,0.627885,-0.7255,7.7
ULS,Monolithic,Toughened,8,4-edge,3,2632.7,-0.1,-0.4881,-23.1
ULS,Monolithic,Toughened,8,4-edge,5,2608.8,0,-0.5,0
ULS,Monolithic,Toughened,8,2-edge,Independent,2329.6,0,-0.5,0
ULS,Monolithic,Toughened,10,4-edge,1,8253.7,0.50001,-0.6124,14.55
ULS,Monolithic,Toughened,10,4-edge,1.25,7246.3,0.400008,-0.6071,-4.85
ULS,Monolithic,Toughened,10,4-edge,1.5,7101.9,0.400008,-0.6423,-78.57
ULS,Monolithic,Toughened,10,4-edge,1.75,7619.1,0.600012,-0.7112,-43.65
ULS,Monolithic,Toughened,10,4-edge,2,8131.1,0.800016,-0.7642,-38.8
ULS,Monolithic,Toughened,10,4-edge,2.5,6785.1,0.600012,-0.7255,9.7
ULS,Monolithic,Toughened,10,4-edge,3,3243.8,-0.1,-0.4881,-29.1
ULS,Monolithic,Toughened,10,4-edge,5,3212.6,0,-0.5,0
ULS,Monolithic,Toughened,10,2-edge,Independent,2868.8,0,-0.5,0
ULS,Monolithic,Toughened,12,4-edge,1,9723.8,0.481152,-0.6124,17.55
ULS,Monolithic,Toughened,12,4-edge,1.25,8538.8,0.384922,-0.6071,-5.85
ULS,Monolithic,Toughened,12,4-edge,1.5,8357.3,0.384922,-0.6423,-94.77
ULS,Monolithic,Toughened,12,4-edge,1.75,8942.2,0.577382,-0.7112,-52.65
ULS,Monolithic,Toughened,12,4-edge,2,9523.6,0.769843,-0.7642,-46.8
ULS,Monolithic,Toughened,12,4-edge,2.5,7959,0.577382,-0.7255,11.7
ULS,Monolithic,Toughened,12,4-edge,3,3839.9,-0.1,-0.4881,-35.1
ULS,Monolithic,Toughened,12,4-edge,5,3801.2,0,-0.5,0
ULS,Monolithic,Toughened,12,2-edge,Independent,3394.5,0,-0.5,0
ULS,Monolithic,Toughened,15,4-edge,1,11716.9,0.459568,-0.6124,21.75
ULS,Monolithic,Toughened,15,4-edge,1.25,10291.5,0.367655,-0.6071,-7.25
ULS,Monolithic,Toughened,15,4-edge,1.5,10056.5,0.367655,-0.6423,-117.45
ULS,Monolithic,Toughened,15,4-edge,1.75,10726.3,0.551482,-0.7112,-65.25
ULS,Monolithic,Toughened,15,4-edge,2,11396,0.735309,-0.7642,-58
ULS,Monolithic,Toughened,15,4-edge,2.5,9540.7,0.551482,-0.7255,14.5
ULS,Monolithic,Toughened,15,4-edge,3,4653.4,-0.1,-0.4881,-43.5
ULS,Monolithic,Toughened,15,4-edge,5,4604.1,0,-0.5,0
ULS,Monolithic,Toughened,15,2-edge,Independent,4111.4,0,-0.5,0
ULS,Monolithic,Toughened,19,4-edge,1,14119.6,0.437817,-0.6124,27
ULS,Monolithic,Toughened,19,4-edge,1.25,12405,0.350254,-0.6071,-9
ULS,Monolithic,Toughened,19,4-edge,1.5,12101.1,0.350254,-0.6423,-145.8
ULS,Monolithic,Toughened,19,4-edge,1.75,12864.1,0.525381,-0.7112,-81
ULS,Monolithic,Toughened,19,4-edge,2,13632.2,0.700508,-0.7642,-72
ULS,Monolithic,Toughened,19,4-edge,2.5,11434.2,0.525381,-0.7255,18
ULS,Monolithic,Toughened,19,4-edge,3,5641.5,-0.1,-0.4881,-54
ULS,Monolithic,Toughened,19,4-edge,5,5578.5,0,-0.5,0
ULS,Monolithic,Toughened,19,2-edge,Independent,4981.6,0,-0.5,0
ULS,Monolithic,Toughened,25,4-edge,1,17733.9,0.410996,-0.6124,35.25
ULS,Monolithic,Toughened,25,4-edge,1.25,15585.7,0.328797,-0.6071,-11.75
ULS,Monolithic,Toughened,25,4-edge,1.5,15170,0.328797,-0.6423,-190.35
ULS,Monolithic,Toughened,25,4-edge,1.75,16056.4,0.493195,-0.7112,-105.75
ULS,Monolithic,Toughened,25,4-edge,2,16958.2,0.657593,-0.7642,-94
ULS,Monolithic,Toughened,25,4-edge,2.5,14258.8,0.493195,-0.7255,23.5
ULS,Monolithic,Toughened,25,4-edge,3,7141.5,-0.1,-0.4881,-70.5
ULS,Monolithic,Toughened,25,4-edge,5,7056.4,0,-0.5,0
ULS,Monolithic,Toughened,25,2-edge,Independent,6301.3,0,-0.5,0
ULS,Monolithic,Heat-strengthened,3,4-edge,1,2078.2,0.4,-0.6124,4.2
ULS,Monolithic,Heat-strengthened,3,4-edge,1.25,1826.7,0.32,-0.6071,-1.4
ULS,Monolithic,Heat-strengthened,3,4-edge,1.5,1776.3,0.32,-0.6423,-22.68
ULS,Monolithic,Heat-strengthened,3,4-edge,1.75,1876.6,0.48,-0.7112,-12.6
ULS,Monolithic,Heat-strengthened,3,4-edge,2,1979.1,0.64,-0.7642,-11.2
ULS,Monolithic,Heat-strengthened,3,4-edge,2.5,1665.8,0.48,-0.7255,2.8
ULS,Monolithic,Heat-strengthened,3,4-edge,3,839.7,-0.1,-0.4881,-8.4
ULS,Monolithic,Heat-strengthened,3,4-edge,5,829.4,0,-0.5,0
ULS,Monolithic,Heat-strengthened,3,2-edge,Independent,740.7,0,-0.5,0
ULS,Monolithic,Heat-strengthened,4,4-edge,1,2734.6,0.380339,-0.6124,5.7
ULS,Monolithic,Heat-strengthened,4,4-edge,1.25,2404.4,0.304271,-0.6071,-1.9
ULS,Monolithic,Heat-strengthened,4,4-edge,1.5,2333.9,0.304271,-0.6423,-30.78
ULS,Monolithic,Heat-strengthened,4,4-edge,1.75,2457.1,0.456407,-0.7112,-17.1
ULS,Monolithic,Heat-strengthened,4,4-edge,2,2584.4,0.608543,-0.7642,-15.2
ULS,Monolithic,Heat-strengthened,4,4-edge,2.5,2179.6,0.456407,-0.7255,3.8
ULS,Monolithic,Heat-strengthened,4,4-edge,3,1111.9,-0.1,-0.4881,-11.4
ULS,Monolithic,Heat-strengthened,4,4-edge,5,1097.7,0,-0.5,0
ULS,Monolithic,Heat-strengthened,4,2-edge,Independent,980.2,0,-0.5,0
ULS,Monolithic,Heat-strengthened,5,4-edge,1,3370,0.365299,-0.6124,7.2
ULS,Monolithic,Heat-strengthened,5,4-edge,1.25,2963.6,0.292239,-0.6071,-2.4
ULS,Monolithic,Heat-strengthened,5,4-edge,1.5,2872.6,0.292239,-0.6423,-38.88
ULS,Monolithic,Heat-strengthened,5,4-edge,1.75,3015.9,0.438359,-0.7112,-21.6
ULS,Monolithic,Heat-strengthened,5,4-edge,2,3165.4,0.584478,-0.7642,-19.2
ULS,Monolithic,Heat-strengthened,5,4-edge,2.5,2673.7,0.438359,-0.7255,4.8
ULS,Monolithic,Heat-strengthened,5,4-edge,3,1377.1,-0.1,-0.4881,-14.4
ULS,Monolithic,Heat-strengthened,5,4-edge,5,1358.8,0,-0.5,0
ULS,Monolithic,Heat-strengthened,5,2-edge,Independent,1213.4,0,-0.5,0
ULS,Monolithic,Heat-strengthened,6,4-edge,1,3988.4,0.353115,-0.6124,8.7
ULS,Monolithic,Heat-strengthened,6,4-edge,1.25,3508,0.282492,-0.6071,-2.9
ULS,Monolithic,Heat-strengthened,6,4-edge,1.5,3396.3,0.282492,-0.6423,-46.98
ULS,Monolithic,Heat-strengthened,6,4-edge,1.75,3557.3,0.423738,-0.7112,-26.1
ULS,Monolithic,Heat-strengthened,6,4-edge,2,3727,0.564985,-0.7642,-23.2
ULS,Monolithic,Heat-strengthened,6,4-edge,2.5,3152.2,0.423738,-0.7255,5.8
ULS,Monolithic,Heat-strengthened,6,4-edge,3,1636.7,-0.1,-0.4881,-17.4
ULS,Monolithic,Heat-strengthened,6,4-edge,5,1614.3,0,-0.5,0
ULS,Monolithic,Heat-strengthened,6,2-edge,Independent,1441.6,0,-0.5,0
ULS,Monolithic,Heat-strengthened,8,4-edge,1,5125.6,0.334872,-0.6124,11.55
ULS,Monolithic,Heat-strengthened,8,4-edge,1.25,4509.6,0.267898,-0.6071,-3.85
ULS,Monolithic,Heat-strengthened,8,4-edge,1.5,4357.8,0.267898,-0.6423,-62.37
ULS,Monolithic,Heat-strengthened,8,4-edge,1.75,4547.8,0.401847,-0.7112,-34.65
ULS,Monolithic,Heat-strengthened,8,4-edge,2,4751.4,0.535796,-0.7642,-30.8
ULS,Monolithic,Heat-strengthened,8,4-edge,2.5,4026.9,0.401847,-0.7255,7.7
ULS,Monolithic,Heat-strengthened,8,4-edge,3,2117.3,-0.1,-0.4881,-23.1
ULS,Monolithic,Heat-strengthened,8,4-edge,5,2087,0,-0.5,0
ULS,Monolithic,Heat-strengthened,8,2-edge,Independent,1863.7,0,-0.5,0
ULS,Monolithic,Heat-strengthened,10,4-edge,1,6279.9,0.320006,-0.6124,14.55
ULS,Monolithic,Heat-strengthened,10,4-edge,1.25,5526.5,0.256005,-0.6071,-4.85
ULS,Monolithic,Heat-strengthened,10,4-edge,1.5,5331.9,0.256005,-0.6423,-78.57
ULS,Monolithic,Heat-strengthened,10,4-edge,1.75,5547,0.384008,-0.7112,-43.65
ULS,Monolithic,Heat-strengthened,10,4-edge,2,5781.4,0.51201,-0.7642,-38.8
ULS,Monolithic,Heat-strengthened,10,4-edge,2.5,4908.4,0.384008,-0.7255,9.7
ULS,Monolithic,Heat-strengthened,10,4-edge,3,2608.8,-0.1,-0.4881,-29.1
ULS,Monolithic,Heat-strengthened,10,4-edge,5,2570.1,0,-0.5,0
ULS,Monolithic,Heat-strengthened,10,2-edge,Independent,2295.1,0,-0.5,0
ULS,Monolithic,Heat-strengthened,12,4-edge,1,7398.5,0.307937,-0.6124,17.55
ULS,Monolithic,Heat-strengthened,12,4-edge,1.25,6512.2,0.24635,-0.6071,-5.85
ULS,Monolithic,Heat-strengthened,12,4-edge,1.5,6274.4,0.24635,-0.6423,-94.77
ULS,Monolithic,Heat-strengthened,12,4-edge,1.75,6510.3,0.369525,-0.7112,-52.65
ULS,Monolithic,Heat-strengthened,12,4-edge,2,6771.5,0.4927,-0.7642,-46.8
ULS,Monolithic,Heat-strengthened,12,4-edge,2.5,5757.6,0.369525,-0.7255,11.7
ULS,Monolithic,Heat-strengthened,12,4-edge,3,3088.2,-0.1,-0.4881,-35.1
ULS,Monolithic,Heat-strengthened,12,4-edge,5,3041,0,-0.5,0
ULS,Monolithic,Heat-strengthened,12,2-edge,Independent,2715.6,0,-0.5,0
ULS,Laminated,Annealed,5,4-edge,1,2432.9,0.230024,-0.6124,6.9
ULS,Laminated,Annealed,5,4-edge,1.25,2144.8,0.184019,-0.6071,-2.3
ULS,Laminated,Annealed,5,4-edge,1.5,2045.4,0.184019,-0.6423,-37.26
ULS,Laminated,Annealed,5,4-edge,1.75,2080,0.276029,-0.7112,-20.7
ULS,Laminated,Annealed,5,4-edge,2,2130.3,0.368039,-0.7642,-18.4
ULS,Laminated,Annealed,5,4-edge,2.5,1831.9,0.276029,-0.7255,4.6
ULS,Laminated,Annealed,5,4-edge,3,1053,-0.27603,-0.4881,-13.8
ULS,Laminated,Annealed,5,4-edge,5,1033.3,0,-0.5,0
ULS,Laminated,Annealed,5,2-edge,Independent,922.8,0,-0.5,0
ULS,Laminated,Annealed,6,4-edge,1,2899,0.222109,-0.6124,8.4
ULS,Laminated,Annealed,6,4-edge,1.25,2556.1,0.177687,-0.6071,-2.8
ULS,Laminated,Annealed,6,4-edge,1.5,2434.7,0.177687,-0.6423,-45.36
ULS,Laminated,Annealed,6,4-edge,1.75,2469.9,0.266531,-0.7112,-25.2
ULS,Laminated,Annealed,6,4-edge,2,2524.9,0.355375,-0.7642,-22.4
ULS,Laminated,Annealed,6,4-edge,2.5,2174.2,0.266531,-0.7255,5.6
ULS,Laminated,Annealed,6,4-edge,3,1260.2,-0.26653,-0.4881,-16.8
ULS,Laminated,Annealed,6,4-edge,5,1236.1,0,-0.5,0
ULS,Laminated,Annealed,6,2-edge,Independent,1103.9,0,-0.5,0
ULS,Laminated,Annealed,8,4-edge,1,3799.6,0.209821,-0.6124,11.4
ULS,Laminated,Annealed,8,4-edge,1.25,3351.2,0.167857,-0.6071,-3.8
ULS,Laminated,Annealed,8,4-edge,1.5,3185.6,0.167857,-0.6423,-61.56
ULS,Laminated,Annealed,8,4-edge,1.75,3219.1,0.251785,-0.7112,-34.2
ULS,Laminated,Annealed,8,4-edge,2,3280.9,0.335714,-0.7642,-30.4
ULS,Laminated,Annealed,8,4-edge,2.5,2831.3,0.251785,-0.7255,7.6
ULS,Laminated,Annealed,8,4-edge,3,1663.5,-0.25179,-0.4881,-22.8
ULS,Laminated,Annealed,8,4-edge,5,1630.6,0,-0.5,0
ULS,Laminated,Annealed,8,2-edge,Independent,1456.1,0,-0.5,0
ULS,Laminated,Annealed,10,4-edge,1,4666.6,0.200421,-0.6124,14.4
ULS,Laminated,Annealed,10,4-edge,1.25,4117,0.160337,-0.6071,-4.8
ULS,Laminated,Annealed,10,4-edge,1.5,3907.1,0.160337,-0.6423,-77.76
ULS,Laminated,Annealed,10,4-edge,1.75,3935.8,0.240505,-0.7112,-43.2
ULS,Laminated,Annealed,10,4-edge,2,4001.6,0.320673,-0.7642,-38.4
ULS,Laminated,Annealed,10,4-edge,2.5,3459.4,0.240505,-0.7255,9.6
ULS,Laminated,Annealed,10,4-edge,3,2054.7,-0.24051,-0.4881,-28.8
ULS,Laminated,Annealed,10,4-edge,5,2013,0,-0.5,0
ULS,Laminated,Annealed,10,2-edge,Independent,1797.6,0,-0.5,0
ULS,Laminated,Annealed,12,4-edge,1,5506.6,0.192806,-0.6124,17.4
ULS,Laminated,Annealed,12,4-edge,1.25,4859.1,0.154245,-0.6071,-5.8
ULS,Laminated,Annealed,12,4-edge,1.5,4605.1,0.154245,-0.6423,-93.96
ULS,Laminated,Annealed,12,4-edge,1.75,4626.5,0.231367,-0.7112,-52.2
ULS,Laminated,Annealed,12,4-edge,2,4694.2,0.30849,-0.7642,-46.4
ULS,Laminated,Annealed,12,4-edge,2.5,4064.3,0.231367,-0.7255,11.6
ULS,Laminated,Annealed,12,4-edge,3,2436.3,-0.23137,-0.4881,-34.8
ULS,Laminated,Annealed,12,4-edge,5,2385.7,0,-0.5,0
ULS,Laminated,Annealed,12,2-edge,Independent,2130.4,0,-0.5,0
ULS,Laminated,Annealed,16,4-edge,1,7042.7,0.181404,-0.6124,23.1
ULS,Laminated,Annealed,16,4-edge,1.25,6216.4,0.145123,-0.6071,-7.7
ULS,Laminated,Annealed,16,4-edge,1.5,5879,0.145123,-0.6423,-124.74
ULS,Laminated,Annealed,16,4-edge,1.75,5881.5,0.217685,-0.7112,-69.3
ULS,Laminated,Annealed,16,4-edge,2,5948.3,0.290247,-0.7642,-61.6
ULS,Laminated,Annealed,16,4-edge,2.5,5162.3,0.217685,-0.7255,15.4
ULS,Laminated,Annealed,16,4-edge,3,3139.6,-0.21769,-0.4881,-46.2
ULS,Laminated,Annealed,16,4-edge,5,3072.2,0,-0.5,0
ULS,Laminated,Annealed,16,2-edge,Independent,2743.4,0,-0.5,0
ULS,Laminated,Annealed,20,4-edge,1,8590.8,0.172113,-0.6124,29.1
ULS,Laminated,Annealed,20,4-edge,1.25,7585.1,0.13769,-0.6071,-9.7
ULS,Laminated,Annealed,20,4-edge,1.5,7160,0.13769,-0.6423,-157.14
ULS,Laminated,Annealed,20,4-edge,1.75,7137.2,0.206536,-0.7112,-87.3
ULS,Laminated,Annealed,20,4-edge,2,7198.3,0.275381,-0.7642,-77.6
ULS,Laminated,Annealed,20,4-edge,2.5,6259.8,0.206536,-0.7255,19.4
ULS,Laminated,Annealed,20,4-edge,3,3854.9,-0.20654,-0.4881,-58.2
ULS,Laminated,Annealed,20,4-edge,5,3769.7,0,-0.5,0
ULS,Laminated,Annealed,20,2-edge,Independent,3366.3,0,-0.5,0
ULS,Laminated,Annealed,24,4-edge,1,10081.6,0.16457,-0.6124,35.1
ULS,Laminated,Annealed,24,4-edge,1.25,8903.5,0.131656,-0.6071,-11.7
ULS,Laminated,Annealed,24,4-edge,1.5,8391.3,0.131656,-0.6423,-189.54
ULS,Laminated,Annealed,24,4-edge,1.75,8338.8,0.197484,-0.7112,-105.3
ULS,Laminated,Annealed,24,4-edge,2,8390.1,0.263312,-0.7642,-93.6
ULS,Laminated,Annealed,24,4-edge,2.5,7308.9,0.197484,-0.7255,23.4
ULS,Laminated,Annealed,24,4-edge,3,4549.1,-0.19748,-0.4881,-70.2
ULS,Laminated,Annealed,24,4-edge,5,4446.2,0,-0.5,0
ULS,Laminated,Annealed,24,2-edge,Independent,3970.4,0,-0.5,0
SLS,All,All,All,4-edge,1,603.79,-0.1,-0.5247,1.64
SLS,All,All,All,4-edge,1.25,459.45,-0.1,-0.5022,2.06
SLS,All,All,All,4-edge,1.5,350.14,-0.15,-0.4503,1.29
SLS,All,All,All,4-edge,1.75,291.45,-0.15,-0.4149,0.95
SLS,All,All,All,4-edge,2,261.6,-0.1,-0.397,1.1
SLS,All,All,All,4-edge,2.5,222.19,-0.1,-0.3556,0.29
SLS,All,All,All,4-edge,3,204.68,-0.1,-0.3335,-0.05
SLS,All,All,All,4-edge,5,197.89,0,-0.332,0.03
SLS,All,All,All,2-edge,Independent,195.45,0,-0.3333,0
